Chla_sqrt,Chla_ARlag1_sqrt,mean_flow,AirTemp_mean_log,WindSpeed_mean_log,RelHum_median,ShortWave_mean
1,0.550718701,-0.286936076,-0.181100392,-0.087130585,0.152223674,-0.431288054
0.550718701,1,-0.244154521,-0.116790477,-0.033091747,0.065040263,-0.317851299
-0.286936076,-0.244154521,1,-0.03273999,0.097034592,0.073326998,0.060052705
-0.181100392,-0.116790477,-0.03273999,1,-0.160533412,-0.073052294,0.499374473
-0.087130585,-0.033091747,0.097034592,-0.160533412,1,-0.008034548,0.0184878
0.152223674,0.065040263,0.073326998,-0.073052294,-0.008034548,1,-0.475363501
-0.431288054,-0.317851299,0.060052705,0.499374473,0.0184878,-0.475363501,1
