,Chla_sqrt,Chla_ARlag1_sqrt,mean_flow,RelHum_mean,ShortWave_median,WindSpeed_max_log
Chla_sqrt,1,NA,-0.113729023,0.290199247,-0.026260512,-0.11257749
Chla_ARlag1_sqrt,NA,1,NA,NA,NA,NA
mean_flow,-0.113729023,NA,1,-0.295268904,-0.282086532,0.297228278
RelHum_mean,0.290199247,NA,-0.295268904,1,0.123371316,-0.438114362
ShortWave_median,-0.026260512,NA,-0.282086532,0.123371316,1,-0.137436261
WindSpeed_max_log,-0.11257749,NA,0.297228278,-0.438114362,-0.137436261,1
